split,session,gesture,feature_version,feature_index,feature_name,count,mean,std,min,q25,median,q75,max
train,session_01,IDLE,features-v1,1,std_ax,120,0.0021737042377935724,0.0004649698175260493,0.0017972587374970317,0.0020105420844629407,0.0020979363471269608,0.0022140844957903028,0.0066587612964212894
train,session_01,IDLE,features-v1,2,max_abs_ax,120,0.01024500011311223,0.0024439671438067044,0.007199999876320362,0.009200000204145908,0.00989999994635582,0.010700000450015068,0.031300000846385956
train,session_01,IDLE,features-v1,3,ax_half_mean_delta,120,3.429999674153805e-05,0.0004914664217008148,-0.0010819999733939767,-0.0002890000105253421,1.0000022939493647e-05,0.00038049998693168163,0.0012020000722259283
train,session_01,IDLE,features-v1,4,std_ay,120,0.0021527906385017557,0.0006208456878921314,0.0017039952799677849,0.0019643274135887623,0.002056536264717579,0.0021764413686469197,0.008004914969205856
train,session_01,IDLE,features-v1,5,std_az,120,0.003147776931291446,0.0004365725029071791,0.002517891116440296,0.0029485817067325115,0.003075035521760583,0.003281662066001445,0.007126874756067991
train,session_01,IDLE,features-v1,6,rms_acc_mag_deviation,120,0.0031479412301753957,0.0004410934369661676,0.0025139960926026106,0.002949513145722449,0.003073537489399314,0.003277886426076293,0.007183291483670473
train,session_01,IDLE,features-v1,7,mean_gz,120,-0.0046240999730798645,0.015002329012375817,-0.06458999961614609,-0.009798500221222639,-0.0030414998764172196,0.003485499939415604,0.029101001098752022
train,session_01,IDLE,features-v1,8,std_gz,120,0.04480269014214476,0.004571446656177712,0.03590400144457817,0.0417538620531559,0.044317157939076424,0.04703655652701855,0.06478410959243774
train,session_01,IDLE,features-v1,9,rms_gyro_mag,120,0.092466530824701,0.05117171253711286,0.06556035578250885,0.0736890509724617,0.07647863775491714,0.08012396655976772,0.27606749534606934
train,session_01,IDLE,features-v1,10,max_gyro_mag,120,0.18037916322549183,0.08460786726473021,0.126632422208786,0.14410929009318352,0.15364021807909012,0.17515653744339943,0.8250415921211243
train,session_01,SWIPE_LEFT,features-v1,1,std_ax,120,0.039607203922544916,0.019750393789476916,0.01755346730351448,0.027241382747888565,0.03490821644663811,0.043703293427824974,0.13013869524002075
train,session_01,SWIPE_LEFT,features-v1,2,max_abs_ax,120,0.17467750022187828,0.14231787581053,0.05829999968409538,0.09617500007152557,0.12595000118017197,0.20344999805092812,0.9745000004768372
train,session_01,SWIPE_LEFT,features-v1,3,ax_half_mean_delta,120,-0.024649633527102803,0.01840299398753504,-0.08744999766349792,-0.03506199922412634,-0.02317299973219633,-0.0120430001989007,0.017020000144839287
train,session_01,SWIPE_LEFT,features-v1,4,std_ay,120,0.011509046823872875,0.0072774355617848865,0.005035307724028826,0.007563313003629446,0.009322593919932842,0.012674318626523018,0.05411611124873161
train,session_01,SWIPE_LEFT,features-v1,5,std_az,120,0.011759166260405133,0.005744193096370746,0.005290339235216379,0.00824524904601276,0.009987961500883102,0.012123789638280869,0.037456661462783813
train,session_01,SWIPE_LEFT,features-v1,6,rms_acc_mag_deviation,120,0.012250003948186835,0.0075978456287198026,0.005308886989951134,0.008387105772271752,0.009856042452156544,0.012100686319172382,0.049161650240421295
train,session_01,SWIPE_LEFT,features-v1,7,mean_gz,120,0.5385633867854873,0.759648814341737,-1.3656489849090576,0.08614750392735004,0.49656251072883606,1.030364751815796,3.21793794631958
train,session_01,SWIPE_LEFT,features-v1,8,std_gz,120,1.3101986572146416,0.6148085260170207,0.2967294156551361,0.8023983985185623,1.1548712849617004,1.6051202714443207,2.9036173820495605
train,session_01,SWIPE_LEFT,features-v1,9,rms_gyro_mag,120,2.6542146682739256,1.3964161142622435,0.7940241694450378,1.6592494249343872,2.305738091468811,3.2092535495758057,9.905420303344727
train,session_01,SWIPE_LEFT,features-v1,10,max_gyro_mag,120,8.473151246706644,6.0323766202156595,2.2046451568603516,4.467039585113525,6.884915590286255,10.80055022239685,41.98504638671875
train,session_01,SWIPE_RIGHT,features-v1,1,std_ax,120,0.05380551141376297,0.026714997932928364,0.021127751097083092,0.0370534211397171,0.04584386944770813,0.06419996730983257,0.18113285303115845
train,session_01,SWIPE_RIGHT,features-v1,2,max_abs_ax,120,0.22346416742851336,0.17816395930303608,0.055799998342990875,0.11167500168085098,0.1517999991774559,0.24962500110268593,1.184999942779541
train,session_01,SWIPE_RIGHT,features-v1,3,ax_half_mean_delta,120,0.040805850094572334,0.0235850566603391,-0.007023999467492104,0.02232000045478344,0.04310999996960163,0.05253100115805864,0.14530199766159058
train,session_01,SWIPE_RIGHT,features-v1,4,std_ay,120,0.016440140599540125,0.010493763734213483,0.005201699212193489,0.010214990004897118,0.012563183903694153,0.0195306446403265,0.07633396983146667
train,session_01,SWIPE_RIGHT,features-v1,5,std_az,120,0.016974234379207094,0.011909450324256046,0.006260248366743326,0.009965629084035754,0.012332331854850054,0.019599396735429764,0.07375875860452652
train,session_01,SWIPE_RIGHT,features-v1,6,rms_acc_mag_deviation,120,0.01684585661472132,0.01134314656289208,0.006086070090532303,0.009838843019679189,0.01261296309530735,0.0196208031848073,0.06089618429541588
train,session_01,SWIPE_RIGHT,features-v1,7,mean_gz,120,-0.38498398846713827,0.7888304345222774,-3.039231061935425,-0.846070259809494,-0.348811998963356,0.1404157467186451,1.7022160291671753
train,session_01,SWIPE_RIGHT,features-v1,8,std_gz,120,1.682195983082056,1.0019710058864235,0.3559359014034271,1.0189893245697021,1.4022016525268555,1.9741760790348053,5.854203224182129
train,session_01,SWIPE_RIGHT,features-v1,9,rms_gyro_mag,120,3.1603977327545483,2.3919251018849423,0.8139716982841492,1.613499790430069,2.1613341569900513,4.109761476516724,14.58188533782959
train,session_01,SWIPE_RIGHT,features-v1,10,max_gyro_mag,120,12.65085989634196,14.917330962785847,2.189255475997925,3.8543267846107483,6.925419330596924,14.797230005264282,89.2784423828125
train,session_01,ROTATE_CW,features-v1,1,std_ax,120,0.039765657585424684,0.02809500937796719,0.008161247707903385,0.02281290153041482,0.03219929710030556,0.04622008465230465,0.17131873965263367
train,session_01,ROTATE_CW,features-v1,2,max_abs_ax,120,0.20002416536832848,0.22434784219184553,0.0333000011742115,0.09522499702870846,0.1356000006198883,0.19260000437498093,1.4112999439239502
train,session_01,ROTATE_CW,features-v1,3,ax_half_mean_delta,120,0.017200800020752163,0.01490540758827234,-0.014334000647068024,0.007344000157900155,0.01476799976080656,0.025597999338060617,0.060412000864744186
train,session_01,ROTATE_CW,features-v1,4,std_ay,120,0.019192660739645363,0.007730105592035288,0.005999384913593531,0.01328962272964418,0.01770336553454399,0.024562235921621323,0.04110260307788849
train,session_01,ROTATE_CW,features-v1,5,std_az,120,0.011592162901069968,0.005177195049351408,0.00452059181407094,0.00780860404483974,0.01024960307404399,0.013295276556164026,0.028877975419163704
train,session_01,ROTATE_CW,features-v1,6,rms_acc_mag_deviation,120,0.013421137126473089,0.010854556062521167,0.00452879024669528,0.007764826063066721,0.010522426571696997,0.013567578978836536,0.08197897672653198
train,session_01,ROTATE_CW,features-v1,7,mean_gz,120,-26.194381384054818,11.440947649503459,-51.76549530029297,-33.80515384674072,-25.532095909118652,-18.844616413116455,-5.124120235443115
train,session_01,ROTATE_CW,features-v1,8,std_gz,120,22.63563405474027,12.448801558173711,3.07570219039917,13.705127954483032,20.914165496826172,27.272050857543945,60.075870513916016
train,session_01,ROTATE_CW,features-v1,9,rms_gyro_mag,120,36.093027385075885,13.661847598306146,6.005369186401367,26.2052640914917,35.3317985534668,46.19294261932373,68.46642303466797
train,session_01,ROTATE_CW,features-v1,10,max_gyro_mag,120,60.86468087832133,27.518314652112245,9.92164421081543,42.80144214630127,58.40694046020508,75.38591766357422,169.73611450195312
train,session_01,SHAKE,features-v1,1,std_ax,120,0.19394288426265122,0.10546765766060044,0.038495685905218124,0.12340078689157963,0.1659741997718811,0.22408753633499146,0.4995245337486267
train,session_01,SHAKE,features-v1,2,max_abs_ax,120,0.5359183337539435,0.32026381573731183,0.131400004029274,0.3166999965906143,0.42875000834465027,0.6166999787092209,2.0757999420166016
train,session_01,SHAKE,features-v1,3,ax_half_mean_delta,120,0.006557049992018922,0.053648571683176605,-0.19727998971939087,-0.01718000043183565,0.0058449991047382355,0.038436499424278736,0.15312400460243225
train,session_01,SHAKE,features-v1,4,std_ay,120,0.05685365570243448,0.03306767317503094,0.010530085302889347,0.028205276932567358,0.0465361587703228,0.08512523770332336,0.1339474320411682
train,session_01,SHAKE,features-v1,5,std_az,120,0.033774639239224295,0.026125509441560318,0.007837997749447823,0.01603187108412385,0.022786756977438927,0.04369859118014574,0.11363706737756729
train,session_01,SHAKE,features-v1,6,rms_acc_mag_deviation,120,0.04467027172601471,0.037660533597508136,0.008817716501653194,0.019073949195444584,0.029284375719726086,0.057047994807362556,0.15507042407989502
train,session_01,SHAKE,features-v1,7,mean_gz,120,-0.10470799965163072,1.3721428255904897,-5.247015953063965,-0.934501513838768,0.014850994572043419,0.5973464995622635,3.0463390350341797
train,session_01,SHAKE,features-v1,8,std_gz,120,9.693970180551212,9.266465218245239,1.4906644821166992,3.5632551312446594,5.81816291809082,11.623463869094849,38.1922492980957
train,session_01,SHAKE,features-v1,9,rms_gyro_mag,120,11.722021545966467,9.610351814222778,2.313307762145996,5.165302515029907,8.404359340667725,13.522099018096924,40.86428451538086
train,session_01,SHAKE,features-v1,10,max_gyro_mag,120,28.503825891017915,19.661068543839427,6.876607418060303,15.034893035888672,21.586977005004883,34.081461906433105,92.21893310546875
validation,session_02,IDLE,features-v1,1,std_ax,40,0.0023536173830507323,0.0012142798536951172,0.001878780429251492,0.0019894333672709763,0.002124349004589021,0.0022609916632063687,0.009721653535962105
validation,session_02,IDLE,features-v1,2,max_abs_ax,40,0.011665000137872994,0.0036953047176198138,0.009399999864399433,0.010700000450015068,0.010999999940395355,0.01140000019222498,0.03400000184774399
validation,session_02,IDLE,features-v1,3,ax_half_mean_delta,40,-0.00015629999750217395,0.00044408998461748433,-0.001196000026538968,-0.0004415000439621508,-9.599999611964449e-05,0.00020650008445954882,0.0006899999571032822
validation,session_02,IDLE,features-v1,4,std_ay,40,0.0024694545194506646,0.001411258689332001,0.0016815097769722342,0.0019792848033830523,0.0021049698116257787,0.002283058944158256,0.008989051915705204
validation,session_02,IDLE,features-v1,5,std_az,40,0.0032213214610237626,0.0004351723410640595,0.002576465718448162,0.002997096977196634,0.003145697293803096,0.003365295415278524,0.005358505994081497
validation,session_02,IDLE,features-v1,6,rms_acc_mag_deviation,40,0.003220002050511539,0.0004301907750717227,0.002576197264716029,0.0029976204968988895,0.0031408247305080295,0.0033660907647572458,0.005299897398799658
validation,session_02,IDLE,features-v1,7,mean_gz,40,-0.0009989998528908473,0.00864594818214785,-0.02068299986422062,-0.006286999559961259,-0.0006819998088758439,0.004400500096380711,0.017712000757455826
validation,session_02,IDLE,features-v1,8,std_gz,40,0.04472960596904159,0.006513013717433228,0.036507491022348404,0.04133173916488886,0.04385785013437271,0.04688859172165394,0.07721244543790817
validation,session_02,IDLE,features-v1,9,rms_gyro_mag,40,0.0843176819384098,0.029508027735915907,0.06744156032800674,0.07494336739182472,0.07609470188617706,0.08078981004655361,0.21648283302783966
validation,session_02,IDLE,features-v1,10,max_gyro_mag,40,0.17706180587410927,0.05888001720655601,0.12382051348686218,0.14368561282753944,0.16371243447065353,0.1800333671271801,0.4477064907550812
validation,session_02,SWIPE_LEFT,features-v1,1,std_ax,40,0.04097925750538707,0.011244800358962501,0.02136950008571148,0.031131123658269644,0.040010711178183556,0.05057838838547468,0.05956915020942688
validation,session_02,SWIPE_LEFT,features-v1,2,max_abs_ax,40,0.1287774994969368,0.0503257106341399,0.061000000685453415,0.0872500017285347,0.12045000120997429,0.15299999713897705,0.25369998812675476
validation,session_02,SWIPE_LEFT,features-v1,3,ax_half_mean_delta,40,-0.03649755020160228,0.01984504878463436,-0.08135800063610077,-0.047612499445676804,-0.036616001278162,-0.021438999567180872,0.0068060001358389854
validation,session_02,SWIPE_LEFT,features-v1,4,std_ay,40,0.011711950704921037,0.003090352925372109,0.007592171896249056,0.009159763576462865,0.010865984950214624,0.013483923161402345,0.019123610109090805
validation,session_02,SWIPE_LEFT,features-v1,5,std_az,40,0.009914062975440174,0.002021849393235354,0.006907477974891663,0.008644012734293938,0.009447204414755106,0.01062560616992414,0.017324738204479218
validation,session_02,SWIPE_LEFT,features-v1,6,rms_acc_mag_deviation,40,0.0099938397645019,0.002075242993388322,0.007119473069906235,0.00881726760417223,0.009524615947157145,0.010805830592289567,0.017489861696958542
validation,session_02,SWIPE_LEFT,features-v1,7,mean_gz,40,0.5323438010993413,1.1573050966371257,-1.3489270210266113,-0.22471550479531288,0.2232460007071495,1.311489999294281,3.186724901199341
validation,session_02,SWIPE_LEFT,features-v1,8,std_gz,40,1.835674211382866,0.7732167782598163,0.4545518159866333,1.308464527130127,1.7023276686668396,2.2876882553100586,3.4706838130950928
validation,session_02,SWIPE_LEFT,features-v1,9,rms_gyro_mag,40,2.3244130209088327,0.9142056448601319,0.8399327993392944,1.6809177100658417,2.139650821685791,2.9466333985328674,4.484859466552734
validation,session_02,SWIPE_LEFT,features-v1,10,max_gyro_mag,40,5.236470279097557,1.625302975647897,1.868209958076477,3.7186121344566345,5.08700704574585,6.413235664367676,8.352205276489258
validation,session_02,SWIPE_RIGHT,features-v1,1,std_ax,40,0.049597251741215584,0.01243486671811696,0.030089689418673515,0.039548777975142,0.04878988675773144,0.05931953713297844,0.08794382959604263
validation,session_02,SWIPE_RIGHT,features-v1,2,max_abs_ax,40,0.13805499896407128,0.03906629574150262,0.07840000092983246,0.11059999838471413,0.1318499967455864,0.16095000505447388,0.24320000410079956
validation,session_02,SWIPE_RIGHT,features-v1,3,ax_half_mean_delta,40,0.05875440016388893,0.023871261418923442,-0.013509999960660934,0.04712550062686205,0.06018400005996227,0.07150850258767605,0.11321599781513214
validation,session_02,SWIPE_RIGHT,features-v1,4,std_ay,40,0.010936094750650226,0.003146972828064088,0.006998162250965834,0.009034322574734688,0.010361033026129007,0.011543164728209376,0.025219060480594635
validation,session_02,SWIPE_RIGHT,features-v1,5,std_az,40,0.011060816561803221,0.002966534636524544,0.006418788805603981,0.008924063062295318,0.010547097772359848,0.012813538312911987,0.01775238662958145
validation,session_02,SWIPE_RIGHT,features-v1,6,rms_acc_mag_deviation,40,0.011255095980595797,0.0031807791021798027,0.006535752210766077,0.008792702108621597,0.010633590165525675,0.013009264366701245,0.018723802641034126
validation,session_02,SWIPE_RIGHT,features-v1,7,mean_gz,40,-0.4471556205302477,0.543527329635958,-1.475875973701477,-0.8756854981184006,-0.5351495146751404,0.025441746227443218,0.7309920191764832
validation,session_02,SWIPE_RIGHT,features-v1,8,std_gz,40,1.3978789404034615,0.5370247162856505,0.4595335125923157,1.0982008874416351,1.294062614440918,1.6343903243541718,3.3644144535064697
validation,session_02,SWIPE_RIGHT,features-v1,9,rms_gyro_mag,40,2.0164732187986374,0.9576955901119497,0.8503932952880859,1.4800547361373901,1.7689777612686157,2.2567824125289917,5.797231674194336
validation,session_02,SWIPE_RIGHT,features-v1,10,max_gyro_mag,40,5.279490792751313,3.673527555862548,2.145315170288086,3.2216485142707825,4.704378366470337,5.652904987335205,20.26249122619629
validation,session_02,ROTATE_CW,features-v1,1,std_ax,40,0.04011973906308412,0.027522859361632117,0.014431029558181763,0.026363921351730824,0.03518102690577507,0.04475037846714258,0.1914367377758026
validation,session_02,ROTATE_CW,features-v1,2,max_abs_ax,40,0.1918825015425682,0.27697138846611874,0.06239999830722809,0.08665000088512897,0.1356000006198883,0.19397500529885292,1.8545000553131104
validation,session_02,ROTATE_CW,features-v1,3,ax_half_mean_delta,40,0.03155670022097183,0.01716161424374294,-0.010532000102102757,0.02053650002926588,0.033441999927163124,0.041275499388575554,0.0947360023856163
validation,session_02,ROTATE_CW,features-v1,4,std_ay,40,0.020526680280454457,0.0042866735616585135,0.010473028756678104,0.017653014045208693,0.020553525537252426,0.023873417638242245,0.028746604919433594
validation,session_02,ROTATE_CW,features-v1,5,std_az,40,0.011402263399213552,0.00990796468391104,0.004821224603801966,0.007483018795028329,0.009519262704998255,0.010960228741168976,0.06926741451025009
validation,session_02,ROTATE_CW,features-v1,6,rms_acc_mag_deviation,40,0.013761266728397458,0.022182022747870487,0.004815282765775919,0.007740829256363213,0.00956655154004693,0.011238628067076206,0.15029262006282806
validation,session_02,ROTATE_CW,features-v1,7,mean_gz,40,-23.719889402389526,5.154415571649558,-31.548851013183594,-28.205688953399658,-24.36828327178955,-19.293972492218018,-13.104734420776367
validation,session_02,ROTATE_CW,features-v1,8,std_gz,40,27.27043902873993,8.848717502957744,12.946605682373047,21.218339443206787,26.19541072845459,31.069962978363037,51.89052963256836
validation,session_02,ROTATE_CW,features-v1,9,rms_gyro_mag,40,36.964649534225465,7.1512718542488996,19.75811195373535,32.621705055236816,36.93643760681152,41.26345634460449,55.42023468017578
validation,session_02,ROTATE_CW,features-v1,10,max_gyro_mag,40,62.24750566482544,12.582597804085474,33.65592575073242,53.241562843322754,62.21871757507324,71.53791236877441,88.84148406982422
validation,session_02,SHAKE,features-v1,1,std_ax,40,0.15862902905791998,0.03413607826304494,0.0827052891254425,0.13824213668704033,0.15709806233644485,0.1767527125775814,0.25640666484832764
validation,session_02,SHAKE,features-v1,2,max_abs_ax,40,0.4521274983882904,0.2580689237124757,0.21619999408721924,0.32212500274181366,0.38374999165534973,0.4870250076055527,1.452299952507019
validation,session_02,SHAKE,features-v1,3,ax_half_mean_delta,40,0.03313370006508194,0.03716041964442574,-0.05410800129175186,0.00994849984999746,0.03564300015568733,0.05714300088584423,0.12067200243473053
validation,session_02,SHAKE,features-v1,4,std_ay,40,0.04919163344893605,0.030582486829264625,0.015418617986142635,0.025783237535506487,0.03365941718220711,0.08066940493881702,0.12427964806556702
validation,session_02,SHAKE,features-v1,5,std_az,40,0.022884594276547432,0.010006517249486301,0.012526999227702618,0.016672993078827858,0.020091515965759754,0.024626815225929022,0.06621001660823822
validation,session_02,SHAKE,features-v1,6,rms_acc_mag_deviation,40,0.02866348179522902,0.015677983642171614,0.014680379070341587,0.020685050170868635,0.026097089052200317,0.028954377863556147,0.09456703066825867
validation,session_02,SHAKE,features-v1,7,mean_gz,40,0.30421367089729756,0.9811769889596924,-3.517174005508423,-0.0931675024330616,0.2606484889984131,0.7139497697353363,2.6441969871520996
validation,session_02,SHAKE,features-v1,8,std_gz,40,5.68570306301117,3.7395655993035923,1.6973025798797607,2.7962613105773926,4.231407642364502,8.22393798828125,16.75470542907715
validation,session_02,SHAKE,features-v1,9,rms_gyro_mag,40,7.065550392866134,3.160450009644128,3.2940056324005127,4.7630956172943115,5.9406516551971436,8.558926343917847,16.861495971679688
validation,session_02,SHAKE,features-v1,10,max_gyro_mag,40,18.640567779541016,8.54592093948751,8.328054428100586,12.918803691864014,16.861754417419434,21.673584461212158,49.883487701416016
